id,title,description,availability,condition,price,sale_price,link,image_link,additional_image_link,brand,google_product_category,product_type
"templo-aries","Templo de Aries","La Casa de Aries del Santuario de Athena, en réplica decorativa para tu colección de Saint Seiya (Caballeros del Zodiaco). Fabricado a pedido en impresion 3D (PLA). Produccion ~48 h utiles. Envios a todo el Peru.","in stock","new","100.00 PEN","","https://boomart.pe/producto/templo-aries/","https://boomart.pe/assets/products/templo-aries.jpg","https://boomart.pe/assets/products/templo-aries-pandora.jpg","BoomArt","Arts & Entertainment > Hobbies & Creative Arts > Collectibles","Saint Seiya"
"templo-tauro","Templo de Tauro","La Casa de Tauro del Santuario de Athena, en réplica decorativa para tu colección de Saint Seiya (Caballeros del Zodiaco). Fabricado a pedido en impresion 3D (PLA). Produccion ~48 h utiles. Envios a todo el Peru.","in stock","new","100.00 PEN","","https://boomart.pe/producto/templo-tauro/","https://boomart.pe/assets/products/templo-tauro-1.jpg","https://boomart.pe/assets/products/templo-tauro-2.jpg,https://boomart.pe/assets/products/templo-tauro-pandora.jpg","BoomArt","Arts & Entertainment > Hobbies & Creative Arts > Collectibles","Saint Seiya"
"templo-geminis","Templo de Géminis","La Casa de Géminis del Santuario de Athena, en réplica decorativa para tu colección de Saint Seiya (Caballeros del Zodiaco). Fabricado a pedido en impresion 3D (PLA). Produccion ~48 h utiles. Envios a todo el Peru.","in stock","new","100.00 PEN","","https://boomart.pe/producto/templo-geminis/","https://boomart.pe/assets/products/templo-geminis-1.jpg","https://boomart.pe/assets/products/templo-geminis-2.jpg,https://boomart.pe/assets/products/templo-geminis-pandora.jpg","BoomArt","Arts & Entertainment > Hobbies & Creative Arts > Collectibles","Saint Seiya"
"templo-cancer","Templo de Cáncer","La Casa de Cáncer del Santuario de Athena, en réplica decorativa para tu colección de Saint Seiya (Caballeros del Zodiaco). Fabricado a pedido en impresion 3D (PLA). Produccion ~48 h utiles. Envios a todo el Peru.","in stock","new","100.00 PEN","","https://boomart.pe/producto/templo-cancer/","https://boomart.pe/assets/products/templo-cancer-1.jpg","https://boomart.pe/assets/products/templo-cancer-2.jpg,https://boomart.pe/assets/products/templo-cancer-pandora.jpg","BoomArt","Arts & Entertainment > Hobbies & Creative Arts > Collectibles","Saint Seiya"
"templo-leo","Templo de Leo","La Casa de Leo del Santuario de Athena, en réplica decorativa para tu colección de Saint Seiya (Caballeros del Zodiaco). Fabricado a pedido en impresion 3D (PLA). Produccion ~48 h utiles. Envios a todo el Peru.","in stock","new","100.00 PEN","","https://boomart.pe/producto/templo-leo/","https://boomart.pe/assets/products/templo-leo.jpg","https://boomart.pe/assets/products/templo-leo-pandora.jpg","BoomArt","Arts & Entertainment > Hobbies & Creative Arts > Collectibles","Saint Seiya"
"templo-virgo","Templo de Virgo","La Casa de Virgo del Santuario de Athena, en réplica decorativa para tu colección de Saint Seiya (Caballeros del Zodiaco). Fabricado a pedido en impresion 3D (PLA). Produccion ~48 h utiles. Envios a todo el Peru.","in stock","new","100.00 PEN","","https://boomart.pe/producto/templo-virgo/","https://boomart.pe/assets/products/templo-virgo-1.jpg","https://boomart.pe/assets/products/templo-virgo-2.jpg,https://boomart.pe/assets/products/templo-virgo-pandora.jpg","BoomArt","Arts & Entertainment > Hobbies & Creative Arts > Collectibles","Saint Seiya"
"templo-libra","Templo de Libra","La Casa de Libra del Santuario de Athena, en réplica decorativa para tu colección de Saint Seiya (Caballeros del Zodiaco). Fabricado a pedido en impresion 3D (PLA). Produccion ~48 h utiles. Envios a todo el Peru.","in stock","new","100.00 PEN","","https://boomart.pe/producto/templo-libra/","https://boomart.pe/assets/products/templo-libra.jpg","https://boomart.pe/assets/products/templo-libra-pandora.jpg","BoomArt","Arts & Entertainment > Hobbies & Creative Arts > Collectibles","Saint Seiya"
"templo-escorpio","Templo de Escorpio","La Casa de Escorpio del Santuario de Athena, en réplica decorativa para tu colección de Saint Seiya (Caballeros del Zodiaco). Fabricado a pedido en impresion 3D (PLA). Produccion ~48 h utiles. Envios a todo el Peru.","in stock","new","100.00 PEN","","https://boomart.pe/producto/templo-escorpio/","https://boomart.pe/assets/products/templo-escorpio.jpg","https://boomart.pe/assets/products/templo-escorpio-pandora.jpg","BoomArt","Arts & Entertainment > Hobbies & Creative Arts > Collectibles","Saint Seiya"
"templo-sagitario","Templo de Sagitario","La Casa de Sagitario del Santuario de Athena, en réplica decorativa para tu colección de Saint Seiya (Caballeros del Zodiaco). Fabricado a pedido en impresion 3D (PLA). Produccion ~48 h utiles. Envios a todo el Peru.","in stock","new","100.00 PEN","","https://boomart.pe/producto/templo-sagitario/","https://boomart.pe/assets/products/templo-sagitario.jpg","https://boomart.pe/assets/products/templo-sagitario-pandora.jpg","BoomArt","Arts & Entertainment > Hobbies & Creative Arts > Collectibles","Saint Seiya"
"templo-capricornio","Templo de Capricornio","La Casa de Capricornio del Santuario de Athena, en réplica decorativa para tu colección de Saint Seiya (Caballeros del Zodiaco). Fabricado a pedido en impresion 3D (PLA). Produccion ~48 h utiles. Envios a todo el Peru.","in stock","new","100.00 PEN","","https://boomart.pe/producto/templo-capricornio/","https://boomart.pe/assets/products/templo-capricornio.jpg","https://boomart.pe/assets/products/templo-capricornio-pandora.jpg","BoomArt","Arts & Entertainment > Hobbies & Creative Arts > Collectibles","Saint Seiya"
"templo-acuario","Templo de Acuario","La Casa de Acuario del Santuario de Athena, en réplica decorativa para tu colección de Saint Seiya (Caballeros del Zodiaco). Fabricado a pedido en impresion 3D (PLA). Produccion ~48 h utiles. Envios a todo el Peru.","in stock","new","100.00 PEN","","https://boomart.pe/producto/templo-acuario/","https://boomart.pe/assets/products/templo-acuario.jpg","https://boomart.pe/assets/products/templo-acuario-pandora.jpg","BoomArt","Arts & Entertainment > Hobbies & Creative Arts > Collectibles","Saint Seiya"
"templo-piscis","Templo de Piscis","La Casa de Piscis del Santuario de Athena, en réplica decorativa para tu colección de Saint Seiya (Caballeros del Zodiaco). Fabricado a pedido en impresion 3D (PLA). Produccion ~48 h utiles. Envios a todo el Peru.","in stock","new","100.00 PEN","","https://boomart.pe/producto/templo-piscis/","https://boomart.pe/assets/products/templo-piscis.jpg","https://boomart.pe/assets/products/templo-piscis-pandora.jpg","BoomArt","Arts & Entertainment > Hobbies & Creative Arts > Collectibles","Saint Seiya"
"busto-de-atena-saint-seiya","Busto de Atena · 25 cm · Saint Seiya","El busto de Atena, diosa protectora del Santuario, es la pieza central que toda colección de Saint Seiya (Caballeros del Zodiaco) merece. Rostro sereno, casco con detalle y armadura trabajada, con espectacular acabado estilo piedra envejecida. Fabricado a pedido en impresion 3D (PLA). Produccion ~48 h utiles. Envios a todo el Peru.","in stock","new","130.00 PEN","100.00 PEN","https://boomart.pe/producto/busto-de-atena-saint-seiya/","https://boomart.pe/assets/products/busto-de-atena-saint-seiya-1.jpg","https://boomart.pe/assets/products/busto-de-atena-saint-seiya-2.jpg,https://boomart.pe/assets/products/busto-de-atena-saint-seiya-3.jpg,https://boomart.pe/assets/products/busto-de-atena-saint-seiya-4.jpg,https://boomart.pe/assets/products/busto-de-atena-saint-seiya-5.jpg,https://boomart.pe/assets/products/busto-de-atena-saint-seiya-6.jpg","BoomArt","Arts & Entertainment > Hobbies & Creative Arts > Collectibles","Saint Seiya"
"templo-con-caja-de-pandora-y-pedestal","Colección Completa · 12 Templos + 12 Cajas de Pandora y Pedestales · Saint Seiya","La colección completa del Santuario de Athena: los 12 Templos de las Casas del Zodiaco (Aries a Piscis), cada uno con su Caja de Pandora dorada y su pedestal a juego. Acabado tipo piedra gris envejecida, detallado a mano. Fabricado a pedido en impresion 3D (PLA). Produccion ~48 h utiles. Envios a todo el Peru.","in stock","new","1560.00 PEN","1500.00 PEN","https://boomart.pe/producto/templo-con-caja-de-pandora-y-pedestal/","https://boomart.pe/assets/products/templo-con-caja-de-pandora-y-pedestal-1.jpg","https://boomart.pe/assets/products/templo-con-caja-de-pandora-y-pedestal-2.jpg,https://boomart.pe/assets/products/templo-con-caja-de-pandora-y-pedestal-3.jpg,https://boomart.pe/assets/products/templo-con-caja-de-pandora-y-pedestal-4.jpg,https://boomart.pe/assets/products/templo-con-caja-de-pandora-y-pedestal-5.jpg,https://boomart.pe/assets/products/templo-con-caja-de-pandora-y-pedestal-6.jpg,https://boomart.pe/assets/products/templo-con-caja-de-pandora-y-pedestal-7.jpg,https://boomart.pe/assets/products/templo-con-caja-de-pandora-y-pedestal-8.jpg,https://boomart.pe/assets/products/templo-con-caja-de-pandora-y-pedestal-9.jpg,https://boomart.pe/assets/products/templo-con-caja-de-pandora-y-pedestal-10.jpg,https://boomart.pe/assets/products/templo-con-caja-de-pandora-y-pedestal-11.jpg,https://boomart.pe/assets/products/templo-con-caja-de-pandora-y-pedestal-12.jpg,https://boomart.pe/assets/products/templo-con-caja-de-pandora-y-pedestal-13.jpg","BoomArt","Arts & Entertainment > Hobbies & Creative Arts > Collectibles","Saint Seiya"
"torre-del-reloj-saint-seiya","Torre del Reloj de Fuego · Saint Seiya","La icónica Torre del Reloj del Santuario de Athena, con sus doce llamas encendidas marcando la cuenta regresiva. Réplica decorativa de 32 cm de alto, acabado tipo piedra envejecida, impresa en 3D en PLA+/PETG y detallada a mano. Hecha a pedido en Lima. Fabricado a pedido en impresion 3D (PLA). Produccion ~48 h utiles. Envios a todo el Peru.","in stock","new","130.00 PEN","100.00 PEN","https://boomart.pe/producto/torre-del-reloj-saint-seiya/","https://boomart.pe/assets/products/torre-del-reloj-saint-seiya-1.jpg","https://boomart.pe/assets/products/torre-del-reloj-saint-seiya-2.jpg","BoomArt","Arts & Entertainment > Hobbies & Creative Arts > Collectibles","Saint Seiya"
"set-de-12-templos-mini","Set de 12 Templos Mini · Casas del Zodiaco","Las 12 Casas del Santuario de Athena en versión miniatura: un set de 12 templos para tener la colección completa de los caballeros dorados exhibida en poco espacio. Fabricado a pedido en impresion 3D (PLA). Produccion ~48 h utiles. Envios a todo el Peru.","in stock","new","150.00 PEN","100.00 PEN","https://boomart.pe/producto/set-de-12-templos-mini/","https://boomart.pe/assets/products/set-de-12-templos-mini-1.jpg","https://boomart.pe/assets/products/set-de-12-templos-mini-2.jpg","BoomArt","Arts & Entertainment > Hobbies & Creative Arts > Collectibles","Saint Seiya"
"set-santuario-15-piezas","Set Completo del Santuario · 15 piezas · Saint Seiya","🏛️ Set Completo del Santuario: 15 piezas en una sola colección — los 12 templos de las Casas del Zodiaco, más el Templo del Patriarca, la estatua de Atena y la Torre del Reloj. Los templos miden de 6.5 a 8 cm de alto y la Torre del Reloj 12 cm, todos con acabado estilo piedra. Impresos en 3D y detallados a mano. Ideal para fans y coleccionistas de Saint Seiya (Caballeros del Zodiaco). Hecho a pedido, con envíos a todo el Perú. Fabricado a pedido en impresion 3D (PLA). Produccion ~48 h utiles. Envios a todo el Peru.","in stock","new","200.00 PEN","150.00 PEN","https://boomart.pe/producto/set-santuario-15-piezas/","https://boomart.pe/assets/products/set-santuario-15-piezas-1.jpg","https://boomart.pe/assets/products/set-santuario-15-piezas-2.jpg","BoomArt","Arts & Entertainment > Hobbies & Creative Arts > Collectibles","Saint Seiya"
"set-12-cajas-de-pandora-con-pedestales","Set de 12 Cajas de Pandora con Pedestales · Saint Seiya","Las 12 Cajas de Pandora de los Caballeros Dorados, cada una con su pedestal estilo piedra. El set completo que corona cualquier colección de Saint Seiya. Fabricado a pedido en impresion 3D (PLA). Produccion ~48 h utiles. Envios a todo el Peru.","in stock","new","440.00 PEN","400.00 PEN","https://boomart.pe/producto/set-12-cajas-de-pandora-con-pedestales/","https://boomart.pe/assets/products/set-12-cajas-de-pandora-con-pedestales.jpg","","BoomArt","Arts & Entertainment > Hobbies & Creative Arts > Collectibles","Saint Seiya"
"casco-de-pegaso-saint-seiya","Casco de Pegaso · Saint Seiya","El casco de la Armadura de Pegaso, la que porta Seiya, en réplica decorativa para exhibición. Alas laterales, visor y volúmenes reproducidos fielmente. Fabricado a pedido en impresion 3D (PLA). Produccion ~48 h utiles. Envios a todo el Peru.","in stock","new","275.00 PEN","250.00 PEN","https://boomart.pe/producto/casco-de-pegaso-saint-seiya/","https://boomart.pe/assets/products/casco-de-pegaso-saint-seiya.jpg","","BoomArt","Arts & Entertainment > Hobbies & Creative Arts > Collectibles","Saint Seiya"
"escultura-de-atena-saint-seiya","Escultura de la Diosa Atena · Saint Seiya","Escultura de Atena de cuerpo entero, la diosa de la sabiduría y la guerra justa, con espectacular acabado estilo piedra envejecida. Impresa en 3D y detallada a mano, hecha a pedido en Lima. Fabricado a pedido en impresion 3D (PLA). Produccion ~48 h utiles. Envios a todo el Peru.","in stock","new","130.00 PEN","100.00 PEN","https://boomart.pe/producto/escultura-de-atena-saint-seiya/","https://boomart.pe/assets/products/escultura-de-atena-saint-seiya-1.jpg","https://boomart.pe/assets/products/escultura-de-atena-saint-seiya-2.jpg","BoomArt","Arts & Entertainment > Hobbies & Creative Arts > Collectibles","Saint Seiya"
"set-12-altares-exhibidor","Colección de 12 Altares Exhibidor · Casas del Zodiaco · Saint Seiya","Arma el Santuario completo. Los 12 Altares Exhibidor de las Casas del Zodiaco, uno por cada Caballero Dorado, con acabado tipo piedra envejecida y el símbolo de cada signo en dorado. Pensados para lucir tus figuras Myth Cloth EX de Bandai como en el anime. Sueltos cuestan S/100 cada uno (S/1200 el juego); en oferta, S/80 cada uno. Llevando los 12 juntos: S/850, el Santuario entero con el mejor precio. Impresos en 3D a pedido en Perú, con envíos a todo el país. Las figuras Myth Cloth de la foto son de Bandai y no están incluidas: el producto son los 12 altares. Fabricado a pedido en impresion 3D (PLA). Produccion ~48 h utiles. Envios a todo el Peru.","in stock","new","1200.00 PEN","850.00 PEN","https://boomart.pe/producto/set-12-altares-exhibidor/","https://boomart.pe/assets/products/set-12-altares-exhibidor-1.jpg","https://boomart.pe/assets/products/altar-exhibidor-aries-2.jpg,https://boomart.pe/assets/products/altar-exhibidor-tauro-2.jpg,https://boomart.pe/assets/products/altar-exhibidor-geminis-2.jpg,https://boomart.pe/assets/products/altar-exhibidor-cancer-2.jpg,https://boomart.pe/assets/products/altar-exhibidor-leo-2.jpg,https://boomart.pe/assets/products/altar-exhibidor-virgo-2.jpg,https://boomart.pe/assets/products/altar-exhibidor-libra-2.jpg,https://boomart.pe/assets/products/altar-exhibidor-escorpio-2.jpg,https://boomart.pe/assets/products/altar-exhibidor-sagitario-2.jpg,https://boomart.pe/assets/products/altar-exhibidor-capricornio-2.jpg,https://boomart.pe/assets/products/altar-exhibidor-acuario-2.jpg,https://boomart.pe/assets/products/altar-exhibidor-piscis-2.jpg","BoomArt","Arts & Entertainment > Hobbies & Creative Arts > Collectibles","Saint Seiya"
"altar-exhibidor-aries","Altar Exhibidor · Casa de Aries · Saint Seiya","Altar exhibidor de la Casa de Aries, la 1ª Casa del Santuario de Athena, hecho para montar tu figura Myth Cloth EX de Bandai del Caballero Dorado de Aries (Mu). Réplica del templo con columnas y el símbolo del signo en dorado, con acabado tipo piedra envejecida. Impreso en 3D a pedido en Perú, con envíos a todo el país. La figura de la foto es de Bandai y no está incluida: el producto es únicamente el altar impreso en 3D. Fabricado a pedido en impresion 3D (PLA). Produccion ~48 h utiles. Envios a todo el Peru.","in stock","new","100.00 PEN","80.00 PEN","https://boomart.pe/producto/altar-exhibidor-aries/","https://boomart.pe/assets/products/altar-exhibidor-aries-2.jpg","https://boomart.pe/assets/products/altar-exhibidor-aries-3.jpg,https://boomart.pe/assets/products/altar-exhibidor-aries-1.jpg","BoomArt","Arts & Entertainment > Hobbies & Creative Arts > Collectibles","Saint Seiya"
"altar-exhibidor-tauro","Altar Exhibidor · Casa de Tauro · Saint Seiya","Altar exhibidor de la Casa de Tauro, la 2ª Casa del Santuario de Athena, hecho para montar tu figura Myth Cloth EX de Bandai del Caballero Dorado de Tauro (Aldebarán). Réplica del templo con columnas y el símbolo del signo en dorado, con acabado tipo piedra envejecida. Impreso en 3D a pedido en Perú, con envíos a todo el país. La figura de la foto es de Bandai y no está incluida: el producto es únicamente el altar impreso en 3D. Fabricado a pedido en impresion 3D (PLA). Produccion ~48 h utiles. Envios a todo el Peru.","in stock","new","100.00 PEN","80.00 PEN","https://boomart.pe/producto/altar-exhibidor-tauro/","https://boomart.pe/assets/products/altar-exhibidor-tauro-2.jpg","https://boomart.pe/assets/products/altar-exhibidor-tauro-3.jpg,https://boomart.pe/assets/products/altar-exhibidor-tauro-1.jpg","BoomArt","Arts & Entertainment > Hobbies & Creative Arts > Collectibles","Saint Seiya"
"altar-exhibidor-geminis","Altar Exhibidor · Casa de Géminis · Saint Seiya","Altar exhibidor de la Casa de Géminis, la 3ª Casa del Santuario de Athena, hecho para montar tu figura Myth Cloth EX de Bandai del Caballero Dorado de Géminis (Saga). Réplica del templo con columnas y el símbolo del signo en dorado, con acabado tipo piedra envejecida. Impreso en 3D a pedido en Perú, con envíos a todo el país. La figura de la foto es de Bandai y no está incluida: el producto es únicamente el altar impreso en 3D. Fabricado a pedido en impresion 3D (PLA). Produccion ~48 h utiles. Envios a todo el Peru.","in stock","new","100.00 PEN","80.00 PEN","https://boomart.pe/producto/altar-exhibidor-geminis/","https://boomart.pe/assets/products/altar-exhibidor-geminis-2.jpg","https://boomart.pe/assets/products/altar-exhibidor-geminis-3.jpg,https://boomart.pe/assets/products/altar-exhibidor-geminis-1.jpg","BoomArt","Arts & Entertainment > Hobbies & Creative Arts > Collectibles","Saint Seiya"
"altar-exhibidor-cancer","Altar Exhibidor · Casa de Cáncer · Saint Seiya","Altar exhibidor de la Casa de Cáncer, la 4ª Casa del Santuario de Athena, hecho para montar tu figura Myth Cloth EX de Bandai del Caballero Dorado de Cáncer (Máscara de Muerte). Réplica del templo con columnas y el símbolo del signo en dorado, con acabado tipo piedra envejecida. Impreso en 3D a pedido en Perú, con envíos a todo el país. La figura de la foto es de Bandai y no está incluida: el producto es únicamente el altar impreso en 3D. Fabricado a pedido en impresion 3D (PLA). Produccion ~48 h utiles. Envios a todo el Peru.","in stock","new","100.00 PEN","80.00 PEN","https://boomart.pe/producto/altar-exhibidor-cancer/","https://boomart.pe/assets/products/altar-exhibidor-cancer-2.jpg","https://boomart.pe/assets/products/altar-exhibidor-cancer-3.jpg,https://boomart.pe/assets/products/altar-exhibidor-cancer-1.jpg","BoomArt","Arts & Entertainment > Hobbies & Creative Arts > Collectibles","Saint Seiya"
"altar-exhibidor-leo","Altar Exhibidor · Casa de Leo · Saint Seiya","Altar exhibidor de la Casa de Leo, la 5ª Casa del Santuario de Athena, hecho para montar tu figura Myth Cloth EX de Bandai del Caballero Dorado de Leo (Aioria). Réplica del templo con columnas y el símbolo del signo en dorado, con acabado tipo piedra envejecida. Impreso en 3D a pedido en Perú, con envíos a todo el país. La figura de la foto es de Bandai y no está incluida: el producto es únicamente el altar impreso en 3D. Fabricado a pedido en impresion 3D (PLA). Produccion ~48 h utiles. Envios a todo el Peru.","in stock","new","100.00 PEN","80.00 PEN","https://boomart.pe/producto/altar-exhibidor-leo/","https://boomart.pe/assets/products/altar-exhibidor-leo-2.jpg","https://boomart.pe/assets/products/altar-exhibidor-leo-3.jpg,https://boomart.pe/assets/products/altar-exhibidor-leo-1.jpg","BoomArt","Arts & Entertainment > Hobbies & Creative Arts > Collectibles","Saint Seiya"
"altar-exhibidor-virgo","Altar Exhibidor · Casa de Virgo · Saint Seiya","Altar exhibidor de la Casa de Virgo, la 6ª Casa del Santuario de Athena, hecho para montar tu figura Myth Cloth EX de Bandai del Caballero Dorado de Virgo (Shaka). Réplica del templo con columnas y el símbolo del signo en dorado, con acabado tipo piedra envejecida. Impreso en 3D a pedido en Perú, con envíos a todo el país. La figura de la foto es de Bandai y no está incluida: el producto es únicamente el altar impreso en 3D. Fabricado a pedido en impresion 3D (PLA). Produccion ~48 h utiles. Envios a todo el Peru.","in stock","new","100.00 PEN","80.00 PEN","https://boomart.pe/producto/altar-exhibidor-virgo/","https://boomart.pe/assets/products/altar-exhibidor-virgo-2.jpg","https://boomart.pe/assets/products/altar-exhibidor-virgo-3.jpg,https://boomart.pe/assets/products/altar-exhibidor-virgo-1.jpg","BoomArt","Arts & Entertainment > Hobbies & Creative Arts > Collectibles","Saint Seiya"
"altar-exhibidor-libra","Altar Exhibidor · Casa de Libra · Saint Seiya","Altar exhibidor de la Casa de Libra, la 7ª Casa del Santuario de Athena, hecho para montar tu figura Myth Cloth EX de Bandai del Caballero Dorado de Libra (Dohko). Réplica del templo con columnas y el símbolo del signo en dorado, con acabado tipo piedra envejecida. Impreso en 3D a pedido en Perú, con envíos a todo el país. La figura de la foto es de Bandai y no está incluida: el producto es únicamente el altar impreso en 3D. Fabricado a pedido en impresion 3D (PLA). Produccion ~48 h utiles. Envios a todo el Peru.","in stock","new","100.00 PEN","80.00 PEN","https://boomart.pe/producto/altar-exhibidor-libra/","https://boomart.pe/assets/products/altar-exhibidor-libra-2.jpg","https://boomart.pe/assets/products/altar-exhibidor-libra-3.jpg,https://boomart.pe/assets/products/altar-exhibidor-libra-1.jpg","BoomArt","Arts & Entertainment > Hobbies & Creative Arts > Collectibles","Saint Seiya"
"altar-exhibidor-escorpio","Altar Exhibidor · Casa de Escorpio · Saint Seiya","Altar exhibidor de la Casa de Escorpio, la 8ª Casa del Santuario de Athena, hecho para montar tu figura Myth Cloth EX de Bandai del Caballero Dorado de Escorpio (Milo). Réplica del templo con columnas y el símbolo del signo en dorado, con acabado tipo piedra envejecida. Impreso en 3D a pedido en Perú, con envíos a todo el país. La figura de la foto es de Bandai y no está incluida: el producto es únicamente el altar impreso en 3D. Fabricado a pedido en impresion 3D (PLA). Produccion ~48 h utiles. Envios a todo el Peru.","in stock","new","100.00 PEN","80.00 PEN","https://boomart.pe/producto/altar-exhibidor-escorpio/","https://boomart.pe/assets/products/altar-exhibidor-escorpio-2.jpg","https://boomart.pe/assets/products/altar-exhibidor-escorpio-3.jpg,https://boomart.pe/assets/products/altar-exhibidor-escorpio-1.jpg","BoomArt","Arts & Entertainment > Hobbies & Creative Arts > Collectibles","Saint Seiya"
"altar-exhibidor-sagitario","Altar Exhibidor · Casa de Sagitario · Saint Seiya","Altar exhibidor de la Casa de Sagitario, la 9ª Casa del Santuario de Athena, hecho para montar tu figura Myth Cloth EX de Bandai del Caballero Dorado de Sagitario (Aioros). Réplica del templo con columnas y el símbolo del signo en dorado, con acabado tipo piedra envejecida. Impreso en 3D a pedido en Perú, con envíos a todo el país. La figura de la foto es de Bandai y no está incluida: el producto es únicamente el altar impreso en 3D. Fabricado a pedido en impresion 3D (PLA). Produccion ~48 h utiles. Envios a todo el Peru.","in stock","new","100.00 PEN","80.00 PEN","https://boomart.pe/producto/altar-exhibidor-sagitario/","https://boomart.pe/assets/products/altar-exhibidor-sagitario-2.jpg","https://boomart.pe/assets/products/altar-exhibidor-sagitario-3.jpg,https://boomart.pe/assets/products/altar-exhibidor-sagitario-1.jpg","BoomArt","Arts & Entertainment > Hobbies & Creative Arts > Collectibles","Saint Seiya"
"altar-exhibidor-capricornio","Altar Exhibidor · Casa de Capricornio · Saint Seiya","Altar exhibidor de la Casa de Capricornio, la 10ª Casa del Santuario de Athena, hecho para montar tu figura Myth Cloth EX de Bandai del Caballero Dorado de Capricornio (Shura). Réplica del templo con columnas y el símbolo del signo en dorado, con acabado tipo piedra envejecida. Impreso en 3D a pedido en Perú, con envíos a todo el país. La figura de la foto es de Bandai y no está incluida: el producto es únicamente el altar impreso en 3D. Fabricado a pedido en impresion 3D (PLA). Produccion ~48 h utiles. Envios a todo el Peru.","in stock","new","100.00 PEN","80.00 PEN","https://boomart.pe/producto/altar-exhibidor-capricornio/","https://boomart.pe/assets/products/altar-exhibidor-capricornio-2.jpg","https://boomart.pe/assets/products/altar-exhibidor-capricornio-3.jpg,https://boomart.pe/assets/products/altar-exhibidor-capricornio-1.jpg","BoomArt","Arts & Entertainment > Hobbies & Creative Arts > Collectibles","Saint Seiya"
"altar-exhibidor-acuario","Altar Exhibidor · Casa de Acuario · Saint Seiya","Altar exhibidor de la Casa de Acuario, la 11ª Casa del Santuario de Athena, hecho para montar tu figura Myth Cloth EX de Bandai del Caballero Dorado de Acuario (Camus). Réplica del templo con columnas y el símbolo del signo en dorado, con acabado tipo piedra envejecida. Impreso en 3D a pedido en Perú, con envíos a todo el país. La figura de la foto es de Bandai y no está incluida: el producto es únicamente el altar impreso en 3D. Fabricado a pedido en impresion 3D (PLA). Produccion ~48 h utiles. Envios a todo el Peru.","in stock","new","100.00 PEN","80.00 PEN","https://boomart.pe/producto/altar-exhibidor-acuario/","https://boomart.pe/assets/products/altar-exhibidor-acuario-2.jpg","https://boomart.pe/assets/products/altar-exhibidor-acuario-3.jpg,https://boomart.pe/assets/products/altar-exhibidor-acuario-1.jpg","BoomArt","Arts & Entertainment > Hobbies & Creative Arts > Collectibles","Saint Seiya"
"altar-exhibidor-piscis","Altar Exhibidor · Casa de Piscis · Saint Seiya","Altar exhibidor de la Casa de Piscis, la 12ª Casa del Santuario de Athena, hecho para montar tu figura Myth Cloth EX de Bandai del Caballero Dorado de Piscis (Afrodita). Réplica del templo con columnas y el símbolo del signo en dorado, con acabado tipo piedra envejecida. Impreso en 3D a pedido en Perú, con envíos a todo el país. La figura de la foto es de Bandai y no está incluida: el producto es únicamente el altar impreso en 3D. Fabricado a pedido en impresion 3D (PLA). Produccion ~48 h utiles. Envios a todo el Peru.","in stock","new","100.00 PEN","80.00 PEN","https://boomart.pe/producto/altar-exhibidor-piscis/","https://boomart.pe/assets/products/altar-exhibidor-piscis-2.jpg","https://boomart.pe/assets/products/altar-exhibidor-piscis-3.jpg,https://boomart.pe/assets/products/altar-exhibidor-piscis-1.jpg","BoomArt","Arts & Entertainment > Hobbies & Creative Arts > Collectibles","Saint Seiya"
"diorama-caballeros-de-bronce","Diorama de los Caballeros de Bronce · Saint Seiya","Diorama de exhibición de los Caballeros de Bronce —Seiya, Shiryu, Hyoga, Shun e Ikki— impreso en alta definición con el máximo nivel de detalle. La base perfecta para presentar tus figuras de Saint Seiya. Fabricado a pedido en impresion 3D (PLA). Produccion ~48 h utiles. Envios a todo el Peru.","in stock","new","165.00 PEN","150.00 PEN","https://boomart.pe/producto/diorama-caballeros-de-bronce/","https://boomart.pe/assets/products/diorama-caballeros-de-bronce.jpg","","BoomArt","Arts & Entertainment > Hobbies & Creative Arts > Collectibles","Saint Seiya"
"diorama-de-pegaso","Diorama de Pegaso · Saint Seiya","¡Dale a tu caballero el diorama que se merece! Base de exhibición temática de Pegaso con acabado realista, pensada para lucir tu figura de Saint Seiya. Fabricado a pedido en impresion 3D (PLA). Produccion ~48 h utiles. Envios a todo el Peru.","in stock","new","165.00 PEN","150.00 PEN","https://boomart.pe/producto/diorama-de-pegaso/","https://boomart.pe/assets/products/diorama-de-pegaso.jpg","","BoomArt","Arts & Entertainment > Hobbies & Creative Arts > Collectibles","Saint Seiya"
"castillo-de-hogwarts","Castillo de Hogwarts · Harry Potter","El castillo de Hogwarts en réplica decorativa impresa en 3D: torres, puentes y el Gran Comedor reconocibles al instante. Pieza imprescindible para todo fan del mundo mágico. Fabricado a pedido en impresion 3D (PLA). Produccion ~48 h utiles. Envios a todo el Peru.","in stock","new","88.00 PEN","80.00 PEN","https://boomart.pe/producto/castillo-de-hogwarts/","https://boomart.pe/assets/products/castillo-de-hogwarts.jpg","","BoomArt","Arts & Entertainment > Hobbies & Creative Arts > Collectibles","Harry Potter"
"ajedrez-de-hogwarts-4-casas","Ajedrez de Hogwarts · 4 Casas · Harry Potter","Ajedrez de colección Hogwarts · 4 Casas. Un homenaje integral al colegio de magia. Fabricado a pedido en impresion 3D (PLA). Produccion ~48 h utiles. Envios a todo el Peru.","in stock","new","286.00 PEN","260.00 PEN","https://boomart.pe/producto/ajedrez-de-hogwarts-4-casas/","https://boomart.pe/assets/products/ajedrez-de-hogwarts-4-casas.jpg","","BoomArt","Arts & Entertainment > Hobbies & Creative Arts > Collectibles","Harry Potter"
"lampara-sombrero-seleccionador","Lámpara Sombrero Seleccionador · Harry Potter","Lámpara LED del Sombrero Seleccionador con iluminación integrada que resalta su emblemática expresión. El regalo perfecto para los verdaderos fans de Harry Potter. Fabricado a pedido en impresion 3D (PLA). Produccion ~48 h utiles. Envios a todo el Peru.","in stock","new","105.00 PEN","95.00 PEN","https://boomart.pe/producto/lampara-sombrero-seleccionador/","https://boomart.pe/assets/products/lampara-sombrero-seleccionador.jpg","","BoomArt","Arts & Entertainment > Hobbies & Creative Arts > Collectibles","Harry Potter"
"lampara-lunar-hogwarts","Lámpara Lunar Hogwarts · Harry Potter","Ilumina tu espacio con la magia de esta lámpara lunar de Hogwarts: un modelo exclusivo que combina el castillo con una luna retroiluminada. Fabricado a pedido en impresion 3D (PLA). Produccion ~48 h utiles. Envios a todo el Peru.","in stock","new","275.00 PEN","250.00 PEN","https://boomart.pe/producto/lampara-lunar-hogwarts/","https://boomart.pe/assets/products/lampara-lunar-hogwarts.jpg","","BoomArt","Arts & Entertainment > Hobbies & Creative Arts > Collectibles","Harry Potter"
"casco-de-wolverine-con-garras","Casco de Wolverine + Garras · Marvel","Casco decorativo de Wolverine acompañado de su set de garras. Dos piezas de exhibición para el fan de Marvel y los X-Men. Fabricado a pedido en impresion 3D (PLA). Produccion ~48 h utiles. Envios a todo el Peru.","in stock","new","220.00 PEN","200.00 PEN","https://boomart.pe/producto/casco-de-wolverine-con-garras/","https://boomart.pe/assets/products/casco-de-wolverine-con-garras.jpg","","BoomArt","Arts & Entertainment > Hobbies & Creative Arts > Collectibles","Marvel & DC"
"mascara-de-batwoman","Máscara de Batwoman · DC","Máscara decorativa de Batwoman para exhibición: orejas afiladas y contorno marcado, impresa en 3D y detallada a mano. Fabricado a pedido en impresion 3D (PLA). Produccion ~48 h utiles. Envios a todo el Peru.","in stock","new","110.00 PEN","100.00 PEN","https://boomart.pe/producto/mascara-de-batwoman/","https://boomart.pe/assets/products/mascara-de-batwoman.jpg","","BoomArt","Arts & Entertainment > Hobbies & Creative Arts > Collectibles","Marvel & DC"
"palomera-cara-de-spiderman","Palomera Cara de Spider-Man · Marvel","Espectacular palomera con forma de la cara de Spider-Man: ojos blancos, telaraña roja y azul. Ideal para tu noche de cine en casa o como pieza decorativa Marvel. Fabricado a pedido en impresion 3D (PLA). Produccion ~48 h utiles. Envios a todo el Peru.","in stock","new","77.00 PEN","70.00 PEN","https://boomart.pe/producto/palomera-cara-de-spiderman/","https://boomart.pe/assets/products/palomera-cara-de-spiderman.jpg","","BoomArt","Arts & Entertainment > Hobbies & Creative Arts > Collectibles","Marvel & DC"
"palomera-spiderman","Palomera Spider-Man · Marvel","Palomera temática de Spider-Man para tu noche de películas: práctica, resistente y con el diseño arácnido que todo fan de Marvel reconoce. Fabricado a pedido en impresion 3D (PLA). Produccion ~48 h utiles. Envios a todo el Peru.","in stock","new","77.00 PEN","70.00 PEN","https://boomart.pe/producto/palomera-spiderman/","https://boomart.pe/assets/products/palomera-spiderman.jpg","","BoomArt","Arts & Entertainment > Hobbies & Creative Arts > Collectibles","Marvel & DC"
"mario-billy-saw","Mario Billy 🎃 · Saw (El Juego del Miedo)","🎃 Edición Halloween. El crossover más retorcido de tu colección: Mario convertido en Billy, el muñeco de Saw (El Juego del Miedo), con el rostro pálido, las espirales rojas en las mejillas, smoking con moño y su inconfundible triciclo rojo. Impresa en 3D y pintada a mano, sobre pedestal negro. El detalle perfecto para decorar en Halloween o para el fan del terror todo el año. Hecha a pedido, con envíos a todo el Perú. Fabricado a pedido en impresion 3D (PLA). Produccion ~48 h utiles. Envios a todo el Peru.","in stock","new","100.00 PEN","80.00 PEN","https://boomart.pe/producto/mario-billy-saw/","https://boomart.pe/assets/products/mario-billy-saw-1.jpg","https://boomart.pe/assets/products/mario-billy-saw-2.jpg","BoomArt","Arts & Entertainment > Hobbies & Creative Arts > Collectibles","🎃 Halloween"
"mascara-calabaza-calavera","Máscara Calabaza Calavera 🎃 · Halloween","🎃 Edición Halloween. Máscara Calabaza Calavera: mitad jack-o'-lantern, mitad cráneo, con el ceño marcado, las cuencas huecas y una hilera de dientes de sierra en degradado hacia el blanco. Impresa en 3D y pintada a mano. Ideal para tu disfraz, sesión de fotos o para colgarla como decoración de temporada. Talla única para adulto. Hecha a pedido, con envíos a todo el Perú. Fabricado a pedido en impresion 3D (PLA). Produccion ~48 h utiles. Envios a todo el Peru.","in stock","new","150.00 PEN","120.00 PEN","https://boomart.pe/producto/mascara-calabaza-calavera/","https://boomart.pe/assets/products/mascara-calabaza-calavera-1.jpg","https://boomart.pe/assets/products/mascara-calabaza-calavera-2.jpg","BoomArt","Arts & Entertainment > Hobbies & Creative Arts > Collectibles","🎃 Halloween"
"candelabro-calavera","Candelabro Calavera 🎃 · Halloween","🎃 Edición Halloween. Dale a tu decoración un toque oscuro y fuera de lo común: un cráneo de aspecto envejecido con una columna vertebral que sostiene la vela, una pieza que llama la atención tanto encendida como apagada. Al prender la vela, la luz cálida resalta las formas del cráneo y crea una atmósfera intensa y misteriosa. Ideal para salas, escritorios, vitrinas, mesas temáticas o rincones góticos. Impreso en 3D y detallado a mano, con acabado tipo hueso envejecido. Compatible con velas de hasta 2 cm de diámetro (vela no incluida). Hecho a pedido, con envíos a todo el Perú. Fabricado a pedido en impresion 3D (PLA). Produccion ~48 h utiles. Envios a todo el Peru.","in stock","new","120.00 PEN","100.00 PEN","https://boomart.pe/producto/candelabro-calavera/","https://boomart.pe/assets/products/candelabro-calavera-1.jpg","https://boomart.pe/assets/products/candelabro-calavera-2.jpg,https://boomart.pe/assets/products/candelabro-calavera-3.jpg","BoomArt","Arts & Entertainment > Hobbies & Creative Arts > Collectibles","🎃 Halloween"
"evil-mask","Evil Mask 😈 · Halloween","🎃 Edición Halloween. Máscara demoníaca de gran presencia: cuernos imponentes, textura escamada y un acabado lleno de detalle. Disponible en rojo o azul. Perfecta para tu disfraz, una fiesta temática, sesión de fotos o para exhibirla como pieza de decoración. Impresa en 3D y pintada a mano. Talla única para adulto. Hecha a pedido, con envíos a todo el Perú. Fabricado a pedido en impresion 3D (PLA). Produccion ~48 h utiles. Envios a todo el Peru.","in stock","new","250.00 PEN","220.00 PEN","https://boomart.pe/producto/evil-mask/","https://boomart.pe/assets/products/evil-mask-1.jpg","https://boomart.pe/assets/products/evil-mask-2.jpg,https://boomart.pe/assets/products/evil-mask-3.jpg","BoomArt","Arts & Entertainment > Hobbies & Creative Arts > Collectibles","🎃 Halloween"
"zkull-urban","ZKULL Urban 💀 · Halloween","🎃 Edición Halloween. Actitud callejera con espíritu de temporada: una figura de calavera con look urbano —gorra, casaca inflada y zapatillas— y una presencia que no pasa desapercibida. Art toy de escritorio impreso en 3D y pintado a mano. Disponible en varias combinaciones de color (consulta las disponibles). Ideal para decoración, colección o regalo. Precio por figura. Hecho a pedido, con envíos a todo el Perú. Fabricado a pedido en impresion 3D (PLA). Produccion ~48 h utiles. Envios a todo el Peru.","in stock","new","70.00 PEN","50.00 PEN","https://boomart.pe/producto/zkull-urban/","https://boomart.pe/assets/products/zkull-urban-1.jpg","https://boomart.pe/assets/products/zkull-urban-2.jpg","BoomArt","Arts & Entertainment > Hobbies & Creative Arts > Collectibles","🎃 Halloween"
"mascara-krampus","Máscara Krampus 😈 · Halloween","🎃 Edición Halloween. Lleva tu disfraz a un nivel mucho más oscuro con la Máscara Krampus: diseño demoníaco, cuernos de carnero y una expresión aterradora con colmillos. Impresa en 3D y pintada a mano, con acabado detallado. Perfecta para disfraces, fiestas temáticas, sesiones de fotos o para exhibirla como pieza de decoración oscura. Talla única para adulto. Hecha a pedido, con envíos a todo el Perú. Fabricado a pedido en impresion 3D (PLA). Produccion ~48 h utiles. Envios a todo el Peru.","in stock","new","230.00 PEN","200.00 PEN","https://boomart.pe/producto/mascara-krampus/","https://boomart.pe/assets/products/mascara-krampus-1.jpg","https://boomart.pe/assets/products/mascara-krampus-2.jpg","BoomArt","Arts & Entertainment > Hobbies & Creative Arts > Collectibles","🎃 Halloween"
"mascara-baphomet","Máscara Baphomet 😈 · Halloween","🎃 Edición Halloween. Máscara de Baphomet en acabado negro con cuernos detallados y pentagrama rojo en la frente: diseño siniestro y llamativo, con alto nivel de detalle. Impresa en 3D y pintada a mano. Ideal para Halloween, cosplay, sesiones de fotos y decoración temática oscura. Talla única para adulto. Hecha a pedido, con envíos a todo el Perú. 😈🔥 Fabricado a pedido en impresion 3D (PLA). Produccion ~48 h utiles. Envios a todo el Peru.","in stock","new","160.00 PEN","140.00 PEN","https://boomart.pe/producto/mascara-baphomet/","https://boomart.pe/assets/products/mascara-baphomet-1.jpg","https://boomart.pe/assets/products/mascara-baphomet-2.jpg","BoomArt","Arts & Entertainment > Hobbies & Creative Arts > Collectibles","🎃 Halloween"
"mascara-hellboy-articulada","Máscara Hellboy Articulada 👹 · Halloween","🎃 Edición Halloween. Máscara articulada inspirada en Hellboy, con acabado rojo y gran nivel de detalle. La mandíbula es articulada: al hablar, la boca se mueve contigo. Incluye un puro desmontable para completar el look. Impresa en 3D y pintada a mano. Ideal para Halloween, cosplay, sesiones de fotos y colección. Talla única para adulto. Hecha a pedido, con envíos a todo el Perú. 🔥 Fabricado a pedido en impresion 3D (PLA). Produccion ~48 h utiles. Envios a todo el Peru.","in stock","new","200.00 PEN","180.00 PEN","https://boomart.pe/producto/mascara-hellboy-articulada/","https://boomart.pe/assets/products/mascara-hellboy-articulada-1.jpg","https://boomart.pe/assets/products/mascara-hellboy-articulada-2.jpg,https://boomart.pe/assets/products/mascara-hellboy-articulada-3.jpg","BoomArt","Arts & Entertainment > Hobbies & Creative Arts > Collectibles","🎃 Halloween"
"mascara-el-juego-del-calamar","Máscara de El Juego del Calamar","Máscara decorativa de El Juego del Calamar (círculo, triángulo o cuadrado), impresa en 3D. Perfecta para exhibición, cosplay o para completar tu disfraz. Fabricado a pedido en impresion 3D (PLA). Produccion ~48 h utiles. Envios a todo el Peru.","in stock","new","55.00 PEN","50.00 PEN","https://boomart.pe/producto/mascara-el-juego-del-calamar/","https://boomart.pe/assets/products/mascara-el-juego-del-calamar.jpg","","BoomArt","Arts & Entertainment > Hobbies & Creative Arts > Collectibles","Series y Películas"
"casco-de-agamenon-la-odisea","Casco de Agamenón · La Odisea","Casco decorativo de Agamenón a tamaño real, inspirado en La Odisea y la Grecia de los héroes. Una pieza imponente de exhibición. Fabricado a pedido en impresion 3D (PLA). Produccion ~48 h utiles. Envios a todo el Peru.","in stock","new","438.00 PEN","398.00 PEN","https://boomart.pe/producto/casco-de-agamenon-la-odisea/","https://boomart.pe/assets/products/casco-de-agamenon-la-odisea.jpg","","BoomArt","Arts & Entertainment > Hobbies & Creative Arts > Collectibles","Series y Películas"
"pato-lucas-kratos-god-of-war","Pato Lucas Kratos · God of War","El clásico y temperamental Pato Lucas se fusiona con la furia de Kratos de God of War: barba, tatuaje espartano y mirada de pocos amigos. Una figura decorativa única. Fabricado a pedido en impresion 3D (PLA). Produccion ~48 h utiles. Envios a todo el Peru.","in stock","new","132.00 PEN","120.00 PEN","https://boomart.pe/producto/pato-lucas-kratos-god-of-war/","https://boomart.pe/assets/products/pato-lucas-kratos-god-of-war.jpg","","BoomArt","Arts & Entertainment > Hobbies & Creative Arts > Collectibles","Series y Películas"
"maceta-pikachu","Maceta de Pikachu · Pokémon","Maceta decorativa de Pikachu (Pokémon), impresa en 3D con filamento de alta calidad. Perfecta para tus suculentas o cactus en el escritorio o la repisa. Fabricado a pedido en impresion 3D (PLA). Produccion ~48 h utiles. Envios a todo el Peru.","in stock","new","66.00 PEN","60.00 PEN","https://boomart.pe/producto/maceta-pikachu/","https://boomart.pe/assets/products/maceta-pikachu.jpg","","BoomArt","Arts & Entertainment > Hobbies & Creative Arts > Collectibles","Macetas"
"replica-copa-del-mundo-tamano-real","Réplica Premium Copa del Mundo · Tamaño real 1:1","Siente la pasión del mundial: réplica premium de la Copa del Mundo FIFA a tamaño real (escala 1:1), con acabado dorado y base tipo malaquita. Fabricado a pedido en impresion 3D (PLA). Produccion ~48 h utiles. Envios a todo el Peru.","in stock","new","165.00 PEN","150.00 PEN","https://boomart.pe/producto/replica-copa-del-mundo-tamano-real/","https://boomart.pe/assets/products/replica-copa-del-mundo-tamano-real.jpg","","BoomArt","Arts & Entertainment > Hobbies & Creative Arts > Collectibles","Mundial de Fútbol"
"botin-de-oro-del-mundial","Botín de Oro del Mundial","Diseño exclusivo de Boom Art: el Botín de Oro (Golden Boot) dorado incorpora un relieve de alta precisión con el mapamundi. Pieza de colección para el amante del fútbol. Fabricado a pedido en impresion 3D (PLA). Produccion ~48 h utiles. Envios a todo el Peru.","in stock","new","176.00 PEN","160.00 PEN","https://boomart.pe/producto/botin-de-oro-del-mundial/","https://boomart.pe/assets/products/botin-de-oro-del-mundial.jpg","","BoomArt","Arts & Entertainment > Hobbies & Creative Arts > Collectibles","Mundial de Fútbol"
"balon-de-oro-del-mundial","Balón de Oro del Mundial","El Balón de Oro, máximo galardón individual del fútbol, en réplica decorativa con acabado dorado. El regalo ideal para el fanático que lo tiene casi todo. Fabricado a pedido en impresion 3D (PLA). Produccion ~48 h utiles. Envios a todo el Peru.","in stock","new","220.00 PEN","200.00 PEN","https://boomart.pe/producto/balon-de-oro-del-mundial/","https://boomart.pe/assets/products/balon-de-oro-del-mundial.jpg","","BoomArt","Arts & Entertainment > Hobbies & Creative Arts > Collectibles","Mundial de Fútbol"
"caja-organizadora-figuritas-panini-2026","Caja Organizadora de Figuritas · Panini Mundial 2026","Organiza y protege tus figuritas repetidas del álbum Panini Mundial 2026 con esta caja coleccionadora impresa en 3D. Se acabó tenerlas sueltas. Fabricado a pedido en impresion 3D (PLA). Produccion ~48 h utiles. Envios a todo el Peru.","in stock","new","33.00 PEN","30.00 PEN","https://boomart.pe/producto/caja-organizadora-figuritas-panini-2026/","https://boomart.pe/assets/products/caja-organizadora-figuritas-panini-2026.jpg","","BoomArt","Arts & Entertainment > Hobbies & Creative Arts > Collectibles","Mundial de Fútbol"
"maceta-groot","Maceta Groot · Guardianes de la Galaxia","Maceta inspirada en Groot, con diseño detallado y colores naranja y verde que evocan su aspecto de árbol. Tamaño generoso para acomodar varias plantas. Ideal para los fans de los Guardianes de la Galaxia. Fabricado a pedido en impresion 3D (PLA). Produccion ~48 h utiles. Envios a todo el Peru.","in stock","new","85.00 PEN","77.00 PEN","https://boomart.pe/producto/maceta-groot/","https://boomart.pe/assets/products/maceta-groot.jpg","","BoomArt","Arts & Entertainment > Hobbies & Creative Arts > Collectibles","Macetas"
"maceta-baby-groot","Maceta Baby Groot","Maceta de Baby Groot (Guardianes de la Galaxia), minimalista y con hermosos detalles en el rostro y las ramas. Ideal para escritorios, repisas y decoración de ambientes. Fabricado a pedido en impresion 3D (PLA). Produccion ~48 h utiles. Envios a todo el Peru.","in stock","new","49.00 PEN","44.00 PEN","https://boomart.pe/producto/maceta-baby-groot/","https://boomart.pe/assets/products/maceta-baby-groot.jpg","","BoomArt","Arts & Entertainment > Hobbies & Creative Arts > Collectibles","Macetas"
"maceta-dedo-medio","Maceta Dedo Medio","Una maceta pequeña y divertida con forma de dedo medio, en color neutro que combina con todos tus espacios: la sala, el escritorio de la oficina, donde quieras dar un mensaje sin decir nada. Fabricado a pedido en impresion 3D (PLA). Produccion ~48 h utiles. Envios a todo el Peru.","in stock","new","49.00 PEN","44.00 PEN","https://boomart.pe/producto/maceta-dedo-medio/","https://boomart.pe/assets/products/maceta-dedo-medio.jpg","","BoomArt","Arts & Entertainment > Hobbies & Creative Arts > Collectibles","Macetas"
"maceta-darth-vader","Maceta Darth Vader · Star Wars","Maceta de Darth Vader (Star Wars) en elegante color negro, capturando el casco del Lord Sith. El lado oscuro de la jardinería para tu escritorio. Fabricado a pedido en impresion 3D (PLA). Produccion ~48 h utiles. Envios a todo el Peru.","in stock","new","61.00 PEN","55.00 PEN","https://boomart.pe/producto/maceta-darth-vader/","https://boomart.pe/assets/products/maceta-darth-vader.jpg","","BoomArt","Arts & Entertainment > Hobbies & Creative Arts > Collectibles","Macetas"
"maceta-david","Maceta David · Arte clásico","Maceta inspirada en el David de Miguel Ángel: elegancia y arte clásico en un diseño minimalista que eleva cualquier ambiente. Fabricado a pedido en impresion 3D (PLA). Produccion ~48 h utiles. Envios a todo el Peru.","in stock","new","73.00 PEN","66.00 PEN","https://boomart.pe/producto/maceta-david/","https://boomart.pe/assets/products/maceta-david.jpg","","BoomArt","Arts & Entertainment > Hobbies & Creative Arts > Collectibles","Macetas"
"maceta-minimalista","Maceta Minimalista","Optimiza tu espacio con una maceta minimalista de líneas limpias y textura sutil, ideal para escritorio, repisa o mesa de centro. Fabricado a pedido en impresion 3D (PLA). Produccion ~48 h utiles. Envios a todo el Peru.","in stock","new","49.00 PEN","44.00 PEN","https://boomart.pe/producto/maceta-minimalista/","https://boomart.pe/assets/products/maceta-minimalista.jpg","","BoomArt","Arts & Entertainment > Hobbies & Creative Arts > Collectibles","Macetas"
"maceta-palmera","Maceta Palmera","Maceta minimalista negra con textura de hojas de palmera: elegante y moderna, ideal para complementar una decoración tropical o contemporánea. Fabricado a pedido en impresion 3D (PLA). Produccion ~48 h utiles. Envios a todo el Peru.","in stock","new","49.00 PEN","44.00 PEN","https://boomart.pe/producto/maceta-palmera/","https://boomart.pe/assets/products/maceta-palmera.jpg","","BoomArt","Arts & Entertainment > Hobbies & Creative Arts > Collectibles","Macetas"
